table_title,run_id,grouping,category,architecture,question_count,token_f1_mean,token_f1_n,numeric_accuracy_mean,numeric_accuracy_n,recall_at_5_mean,recall_at_5_n,context_faithfulness_mean,context_faithfulness_n,gold_evidence_support_mean,gold_evidence_support_n,total_latency_ms_mean,total_latency_ms_n
Table 3: Native FinanceBench category results,financebench-heldout-v1,question_reasoning,Information extraction,P0,29,0.15547065557575337,29,0.1,20,,0,,0,0.34782608695652173,23,1743.603355172597,29
Table 3: Native FinanceBench category results,financebench-heldout-v1,question_reasoning,Information extraction,P1,29,0.19167189444343458,29,0.35,20,0.5344827586206896,29,0.888888888888889,21,0.631578947368421,19,1857.942675862056,29
Table 3: Native FinanceBench category results,financebench-heldout-v1,question_reasoning,Information extraction,P2,29,0.20546186507290287,29,0.3,20,0.46551724137931033,29,0.9,20,0.625,20,2288.402572413831,29
Table 3: Native FinanceBench category results,financebench-heldout-v1,question_reasoning,Information extraction,P3,29,0.20773664832366567,29,0.3,20,0.5689655172413793,29,0.9043478260869565,23,0.712121212121212,22,5491.431241379453,29
Table 3: Native FinanceBench category results,financebench-heldout-v1,question_reasoning,Information extraction OR Logical reasoning,P0,1,0.36619718309859156,1,0.0,1,,0,,0,0.75,1,2070.707599999878,1
Table 3: Native FinanceBench category results,financebench-heldout-v1,question_reasoning,Information extraction OR Logical reasoning,P1,1,0.4074074074074074,1,0.0,1,0.0,1,1.0,1,1.0,1,1140.2101999992738,1
Table 3: Native FinanceBench category results,financebench-heldout-v1,question_reasoning,Information extraction OR Logical reasoning,P2,1,0.2894736842105263,1,0.0,1,0.0,1,1.0,1,0.0,1,1895.6512000004295,1
Table 3: Native FinanceBench category results,financebench-heldout-v1,question_reasoning,Information extraction OR Logical reasoning,P3,1,0.39436619718309857,1,0.0,1,0.0,1,1.0,1,0.5,1,6043.929199997365,1
Table 3: Native FinanceBench category results,financebench-heldout-v1,question_reasoning,Information extraction OR Logical reasoning OR,P0,1,0.35294117647058826,1,,0,,0,,0,1.0,1,2025.2407000007224,1
Table 3: Native FinanceBench category results,financebench-heldout-v1,question_reasoning,Information extraction OR Logical reasoning OR,P1,1,0.21621621621621623,1,,0,1.0,1,1.0,1,1.0,1,2486.984200000734,1
Table 3: Native FinanceBench category results,financebench-heldout-v1,question_reasoning,Information extraction OR Logical reasoning OR,P2,1,0.2222222222222222,1,,0,1.0,1,1.0,1,1.0,1,1312.8161999993608,1
Table 3: Native FinanceBench category results,financebench-heldout-v1,question_reasoning,Information extraction OR Logical reasoning OR,P3,1,0.23529411764705882,1,,0,1.0,1,1.0,1,1.0,1,6404.098400002113,1
Table 3: Native FinanceBench category results,financebench-heldout-v1,question_reasoning,Logical reasoning (based on numerical reasoning),P0,4,0.2946626800581472,4,0.3125,4,,0,,0,0.875,4,1678.315099999054,4
Table 3: Native FinanceBench category results,financebench-heldout-v1,question_reasoning,Logical reasoning (based on numerical reasoning),P1,4,0.19010742344075676,4,0.0,4,0.25,4,1.0,1,0.5,1,1620.435150000958,4
Table 3: Native FinanceBench category results,financebench-heldout-v1,question_reasoning,Logical reasoning (based on numerical reasoning),P2,4,0.18463042334010077,4,0.125,4,0.125,4,0.5,2,0.0,2,2165.4360749998887,4
Table 3: Native FinanceBench category results,financebench-heldout-v1,question_reasoning,Logical reasoning (based on numerical reasoning),P3,4,0.2413360974715503,4,0.3125,4,0.375,4,0.6666666666666666,3,0.16666666666666666,3,5755.397924998761,4
Table 3: Native FinanceBench category results,financebench-heldout-v1,question_reasoning,Logical reasoning (based on numerical reasoning) OR Logical reasoning,P0,5,0.15454936672246986,5,0.0,4,,0,,0,0.85,5,3012.641539998731,5
Table 3: Native FinanceBench category results,financebench-heldout-v1,question_reasoning,Logical reasoning (based on numerical reasoning) OR Logical reasoning,P1,5,0.03829787234042553,5,0.0,4,0.0,5,0.6666666666666666,1,0.3333333333333333,1,1532.2233200000483,5
Table 3: Native FinanceBench category results,financebench-heldout-v1,question_reasoning,Logical reasoning (based on numerical reasoning) OR Logical reasoning,P2,5,0.016666666666666666,5,0.0,4,0.0,5,,0,,0,1567.2332599999208,5
Table 3: Native FinanceBench category results,financebench-heldout-v1,question_reasoning,Logical reasoning (based on numerical reasoning) OR Logical reasoning,P3,5,0.032,5,0.0,4,0.0,5,0.6666666666666666,1,0.6666666666666666,1,6242.855099999724,5
Table 3: Native FinanceBench category results,financebench-heldout-v1,question_reasoning,Logical reasoning (based on numerical reasoning) OR Numerical reasoning OR Logical reasoning,P0,3,0.1785198928056071,3,0.0,1,,0,,0,0.4666666666666666,3,2894.3524999995134,3
Table 3: Native FinanceBench category results,financebench-heldout-v1,question_reasoning,Logical reasoning (based on numerical reasoning) OR Numerical reasoning OR Logical reasoning,P1,3,0.10915443745632425,3,0.0,1,0.3333333333333333,3,1.0,1,0.6666666666666666,1,1612.6884000004793,3
Table 3: Native FinanceBench category results,financebench-heldout-v1,question_reasoning,Logical reasoning (based on numerical reasoning) OR Numerical reasoning OR Logical reasoning,P2,3,0.12313003452243958,3,1.0,1,0.0,3,1.0,1,0.2,1,2257.414200000009,3
Table 3: Native FinanceBench category results,financebench-heldout-v1,question_reasoning,Logical reasoning (based on numerical reasoning) OR Numerical reasoning OR Logical reasoning,P3,3,0.1008363201911589,3,0.0,1,0.3333333333333333,3,1.0,1,0.5,1,5898.796099999648,3
Table 3: Native FinanceBench category results,financebench-heldout-v1,question_reasoning,Numerical reasoning,P0,43,0.04547703608149551,43,0.0,41,,0,,0,0.5358024691358024,27,2706.0978720930802,43
Table 3: Native FinanceBench category results,financebench-heldout-v1,question_reasoning,Numerical reasoning,P1,43,0.046722108304038085,43,0.17073170731707318,41,0.26744186046511625,43,0.7815192743764172,21,0.7070294784580499,21,2115.321420930085,43
Table 3: Native FinanceBench category results,financebench-heldout-v1,question_reasoning,Numerical reasoning,P2,43,0.05759139767116304,43,0.14634146341463414,41,0.12790697674418605,43,0.6733652312599681,19,0.63,20,2542.9849906975633,43
Table 3: Native FinanceBench category results,financebench-heldout-v1,question_reasoning,Numerical reasoning,P3,43,0.05160419254948238,43,0.12195121951219512,41,0.2441860465116279,43,0.7375661375661376,18,0.5811728395061728,18,6069.023037209263,43
Table 3: Native FinanceBench category results,financebench-heldout-v1,question_reasoning,Numerical reasoning OR Logical reasoning,P0,6,0.11611828211369508,6,0.0,6,,0,,0,0.6041666666666666,4,2120.564183333651,6
Table 3: Native FinanceBench category results,financebench-heldout-v1,question_reasoning,Numerical reasoning OR Logical reasoning,P1,6,0.13071641217708632,6,0.0,6,0.08333333333333333,6,0.6944444444444445,3,0.4666666666666666,3,1886.731666666795,6
Table 3: Native FinanceBench category results,financebench-heldout-v1,question_reasoning,Numerical reasoning OR Logical reasoning,P2,6,0.10624358341980422,6,0.0,6,0.08333333333333333,6,0.7222222222222222,3,0.4444444444444444,3,2650.143966666898,6
Table 3: Native FinanceBench category results,financebench-heldout-v1,question_reasoning,Numerical reasoning OR Logical reasoning,P3,6,0.1263992503166387,6,0.0,6,0.08333333333333333,6,0.6666666666666666,2,0.8333333333333333,2,5287.149366667411,6
Table 3: Native FinanceBench category results,financebench-heldout-v1,question_reasoning,Numerical reasoning OR information extraction,P0,4,0.1614473924951955,4,0.0,3,,0,,0,0.9166666666666666,4,1536.7723250010386,4
Table 3: Native FinanceBench category results,financebench-heldout-v1,question_reasoning,Numerical reasoning OR information extraction,P1,4,0.11386386386386387,4,0.0,3,0.0,4,1.0,1,0.0,1,1637.4930250012767,4
Table 3: Native FinanceBench category results,financebench-heldout-v1,question_reasoning,Numerical reasoning OR information extraction,P2,4,0.05911680911680911,4,0.0,3,0.0,4,,0,,0,1484.5102499994027,4
Table 3: Native FinanceBench category results,financebench-heldout-v1,question_reasoning,Numerical reasoning OR information extraction,P3,4,0.09180758899860023,4,0.0,3,0.0,4,0.5,2,0.8333333333333333,2,5497.484749999785,4
Table 3: Native FinanceBench category results,financebench-heldout-v1,question_type,domain-relevant,P0,48,0.2294324253686468,48,0.0703125,32,,0,,0,0.7132478632478633,39,2022.361391666512,48
Table 3: Native FinanceBench category results,financebench-heldout-v1,question_type,domain-relevant,P1,48,0.21868426559161147,48,0.09375,32,0.3333333333333333,48,0.9228395061728395,27,0.696,25,1787.0560312502828,48
Table 3: Native FinanceBench category results,financebench-heldout-v1,question_type,domain-relevant,P2,48,0.22620379991725437,48,0.171875,32,0.23958333333333334,48,0.9255952380952381,28,0.599404761904762,28,2223.7655708330144,48
Table 3: Native FinanceBench category results,financebench-heldout-v1,question_type,domain-relevant,P3,48,0.23705965742873059,48,0.1328125,32,0.3645833333333333,48,0.8933333333333333,30,0.6609195402298851,29,5701.263508333417,48
Table 3: Native FinanceBench category results,financebench-heldout-v1,question_type,metrics-generated,P0,48,0.0,48,0.020833333333333332,48,,0,,0,0.3525252525252525,33,2568.318902083547,48
Table 3: Native FinanceBench category results,financebench-heldout-v1,question_type,metrics-generated,P1,48,0.0044468909898253035,48,0.22916666666666666,48,0.3020833333333333,48,0.7463293650793651,24,0.5978174603174603,24,2073.7280854164815,48
Table 3: Native FinanceBench category results,financebench-heldout-v1,question_type,metrics-generated,P2,48,0.003206490929705215,48,0.16666666666666666,48,0.19791666666666666,48,0.5812599681020734,19,0.5425,20,2443.516816666867,48
Table 3: Native FinanceBench category results,financebench-heldout-v1,question_type,metrics-generated,P3,48,0.000992063492063492,48,0.16666666666666666,48,0.28125,48,0.6943722943722944,22,0.6118686868686868,22,5930.249302083212,48
Table 3: Native FinanceBench category results,financebench-heldout-v1,question_type,novel-generated,P0,49,0.28403746664570106,49,0.09375,32,,0,,0,0.6458333333333333,40,1640.3037530612985,49
Table 3: Native FinanceBench category results,financebench-heldout-v1,question_type,novel-generated,P1,49,0.25079365280155586,49,0.19791666666666666,32,0.4489795918367347,49,0.8660130718954248,34,0.6184640522875817,34,1937.7559918366944,49
Table 3: Native FinanceBench category results,financebench-heldout-v1,question_type,novel-generated,P2,49,0.2653243991420262,49,0.24479166666666666,32,0.42857142857142855,49,0.8686868686868687,33,0.6868686868686869,33,2073.1155244900538,49
Table 3: Native FinanceBench category results,financebench-heldout-v1,question_type,novel-generated,P3,49,0.26845433127595664,49,0.234375,32,0.45918367346938777,49,0.8676470588235294,34,0.6715686274509803,34,5273.479871428393,49
