table_title,run_id,architecture,component,question_count,mean_ms,median_ms,std_ms,min_ms,max_ms
Table L1: Canonical per-question latency (ms),financebench-heldout-v1,P0,generation,145,2073.9781413791334,1916.4654000014707,1005.9028111835846,667.0234999983222,7214.388299998973
Table L1: Canonical per-question latency (ms),financebench-heldout-v1,P0,total,145,2073.9830206896995,1916.4702000016405,1005.9032707669653,667.0279999998456,7214.395999999397
Table L1: Canonical per-question latency (ms),financebench-heldout-v1,P1,retrieval,145,85.64881793085831,74.95539999945322,32.88129788519345,0.4044999986945186,234.12129999996978
Table L1: Canonical per-question latency (ms),financebench-heldout-v1,P1,generation,145,1847.1621393101893,1699.0309999964666,851.0346703623593,722.0400000005611,4562.680199996976
Table L1: Canonical per-question latency (ms),financebench-heldout-v1,P1,total,145,1932.8805600000187,1794.8531000001822,852.5270134738976,722.6235999987694,4669.682200001262
Table L1: Canonical per-question latency (ms),financebench-heldout-v1,P2,retrieval,145,460.5608068963318,431.8505000010191,199.32020052714864,130.68199999906938,1171.7090000020107
Table L1: Canonical per-question latency (ms),financebench-heldout-v1,P2,generation,145,1785.0033234483221,1662.6795000011043,751.0437902516904,767.0658999995794,4215.165300000081
Table L1: Canonical per-question latency (ms),financebench-heldout-v1,P2,total,145,2245.601484827634,2176.371300000028,777.4572179252606,1051.9783000017924,4669.132700000773
Table L1: Canonical per-question latency (ms),financebench-heldout-v1,P3,retrieval,145,466.4900600000943,426.41269999876386,213.75361202993614,141.55790000222623,1601.3984999990498
Table L1: Canonical per-question latency (ms),financebench-heldout-v1,P3,reranking,145,3366.415381379318,3456.1585999981617,495.94379285877636,0.0008999995770864189,4314.038700002129
Table L1: Canonical per-question latency (ms),financebench-heldout-v1,P3,generation,145,1799.5293820685063,1665.9956000003149,712.518858068254,822.2452999980305,4067.545699999755
Table L1: Canonical per-question latency (ms),financebench-heldout-v1,P3,total,145,5632.504335172341,5618.5430000005,902.9691948735081,1588.4071000036784,8429.997800001729
