table_title,run_id,grouping,category,architecture,question_count,exact_match_n,exact_match_mean,token_f1_n,token_f1_mean,numeric_accuracy_n,numeric_accuracy_mean,numeric_precision_n,numeric_precision_mean,numeric_recall_n,numeric_recall_mean,numeric_f1_n,numeric_f1_mean,hit_at_5_n,hit_at_5_mean,recall_at_5_n,recall_at_5_mean,mrr_at_5_n,mrr_at_5_mean,context_faithfulness_n,context_faithfulness_mean,context_hallucination_n,context_hallucination_mean,gold_evidence_support_n,gold_evidence_support_mean,gold_evidence_hallucination_n,gold_evidence_hallucination_mean,total_latency_ms_n,total_latency_ms_mean
Table Q1: Native FinanceBench category performance,financebench-heldout-v1,question_reasoning,Information extraction,P0,29,29,0.034482758620689655,29,0.15547065557575337,20,0.1,22,0.09090909090909091,20,0.1,22,0.09090909090909091,0,,0,,0,,0,,0,,23,0.34782608695652173,23,0.6521739130434783,29,1743.603355172597
Table Q1: Native FinanceBench category performance,financebench-heldout-v1,question_reasoning,Information extraction,P1,29,29,0.034482758620689655,29,0.19167189444343458,20,0.35,23,0.30434782608695654,20,0.35,23,0.30434782608695654,29,0.5517241379310345,29,0.5344827586206896,29,0.3103448275862069,21,0.888888888888889,21,0.11111111111111112,19,0.631578947368421,19,0.3684210526315789,29,1857.942675862056
Table Q1: Native FinanceBench category performance,financebench-heldout-v1,question_reasoning,Information extraction,P2,29,29,0.034482758620689655,29,0.20546186507290287,20,0.3,25,0.24,20,0.3,25,0.24,29,0.4827586206896552,29,0.46551724137931033,29,0.2712643678160919,20,0.9,20,0.1,20,0.625,20,0.375,29,2288.402572413831
Table Q1: Native FinanceBench category performance,financebench-heldout-v1,question_reasoning,Information extraction,P3,29,29,0.034482758620689655,29,0.20773664832366567,20,0.3,23,0.2608695652173913,20,0.3,23,0.2608695652173913,29,0.5862068965517241,29,0.5689655172413793,29,0.4091954022988506,23,0.9043478260869565,23,0.09565217391304348,22,0.712121212121212,22,0.28787878787878785,29,5491.431241379453
Table Q1: Native FinanceBench category performance,financebench-heldout-v1,question_reasoning,Information extraction OR Logical reasoning,P0,1,1,0.0,1,0.36619718309859156,1,0.0,1,0.0,1,0.0,1,0.0,0,,0,,0,,0,,0,,1,0.75,1,0.25,1,2070.707599999878
Table Q1: Native FinanceBench category performance,financebench-heldout-v1,question_reasoning,Information extraction OR Logical reasoning,P1,1,1,0.0,1,0.4074074074074074,1,0.0,1,0.0,1,0.0,1,0.0,1,0.0,1,0.0,1,0.0,1,1.0,1,0.0,1,1.0,1,0.0,1,1140.2101999992738
Table Q1: Native FinanceBench category performance,financebench-heldout-v1,question_reasoning,Information extraction OR Logical reasoning,P2,1,1,0.0,1,0.2894736842105263,1,0.0,1,0.0,1,0.0,1,0.0,1,0.0,1,0.0,1,0.0,1,1.0,1,0.0,1,0.0,1,1.0,1,1895.6512000004295
Table Q1: Native FinanceBench category performance,financebench-heldout-v1,question_reasoning,Information extraction OR Logical reasoning,P3,1,1,0.0,1,0.39436619718309857,1,0.0,1,0.0,1,0.0,1,0.0,1,0.0,1,0.0,1,0.0,1,1.0,1,0.0,1,0.5,1,0.5,1,6043.929199997365
Table Q1: Native FinanceBench category performance,financebench-heldout-v1,question_reasoning,Information extraction OR Logical reasoning OR,P0,1,1,0.0,1,0.35294117647058826,0,,0,,0,,0,,0,,0,,0,,0,,0,,1,1.0,1,0.0,1,2025.2407000007224
Table Q1: Native FinanceBench category performance,financebench-heldout-v1,question_reasoning,Information extraction OR Logical reasoning OR,P1,1,1,0.0,1,0.21621621621621623,0,,0,,0,,0,,1,1.0,1,1.0,1,0.5,1,1.0,1,0.0,1,1.0,1,0.0,1,2486.984200000734
Table Q1: Native FinanceBench category performance,financebench-heldout-v1,question_reasoning,Information extraction OR Logical reasoning OR,P2,1,1,0.0,1,0.2222222222222222,0,,0,,0,,0,,1,1.0,1,1.0,1,0.3333333333333333,1,1.0,1,0.0,1,1.0,1,0.0,1,1312.8161999993608
Table Q1: Native FinanceBench category performance,financebench-heldout-v1,question_reasoning,Information extraction OR Logical reasoning OR,P3,1,1,0.0,1,0.23529411764705882,0,,0,,0,,0,,1,1.0,1,1.0,1,0.5,1,1.0,1,0.0,1,1.0,1,0.0,1,6404.098400002113
Table Q1: Native FinanceBench category performance,financebench-heldout-v1,question_reasoning,Logical reasoning (based on numerical reasoning),P0,4,4,0.0,4,0.2946626800581472,4,0.3125,4,0.3333333333333333,4,0.3125,4,0.225,0,,0,,0,,0,,0,,4,0.875,4,0.125,4,1678.315099999054
Table Q1: Native FinanceBench category performance,financebench-heldout-v1,question_reasoning,Logical reasoning (based on numerical reasoning),P1,4,4,0.0,4,0.19010742344075676,4,0.0,4,0.0,4,0.0,4,0.0,4,0.5,4,0.25,4,0.14583333333333331,1,1.0,1,0.0,1,0.5,1,0.5,4,1620.435150000958
Table Q1: Native FinanceBench category performance,financebench-heldout-v1,question_reasoning,Logical reasoning (based on numerical reasoning),P2,4,4,0.0,4,0.18463042334010077,4,0.125,4,0.25,4,0.125,4,0.16666666666666666,4,0.25,4,0.125,4,0.05,2,0.5,2,0.5,2,0.0,2,1.0,4,2165.4360749998887
Table Q1: Native FinanceBench category performance,financebench-heldout-v1,question_reasoning,Logical reasoning (based on numerical reasoning),P3,4,4,0.0,4,0.2413360974715503,4,0.3125,4,0.13333333333333333,4,0.3125,4,0.18055555555555555,4,0.5,4,0.375,4,0.3333333333333333,3,0.6666666666666666,3,0.3333333333333333,3,0.16666666666666666,3,0.8333333333333334,4,5755.397924998761
Table Q1: Native FinanceBench category performance,financebench-heldout-v1,question_reasoning,Logical reasoning (based on numerical reasoning) OR Logical reasoning,P0,5,5,0.0,5,0.15454936672246986,4,0.0,4,0.0,4,0.0,4,0.0,0,,0,,0,,0,,0,,5,0.85,5,0.15,5,3012.641539998731
Table Q1: Native FinanceBench category performance,financebench-heldout-v1,question_reasoning,Logical reasoning (based on numerical reasoning) OR Logical reasoning,P1,5,5,0.0,5,0.03829787234042553,4,0.0,4,0.0,4,0.0,4,0.0,5,0.0,5,0.0,5,0.0,1,0.6666666666666666,1,0.33333333333333337,1,0.3333333333333333,1,0.6666666666666667,5,1532.2233200000483
Table Q1: Native FinanceBench category performance,financebench-heldout-v1,question_reasoning,Logical reasoning (based on numerical reasoning) OR Logical reasoning,P2,5,5,0.0,5,0.016666666666666666,4,0.0,4,0.0,4,0.0,4,0.0,5,0.0,5,0.0,5,0.0,0,,0,,0,,0,,5,1567.2332599999208
Table Q1: Native FinanceBench category performance,financebench-heldout-v1,question_reasoning,Logical reasoning (based on numerical reasoning) OR Logical reasoning,P3,5,5,0.0,5,0.032,4,0.0,4,0.0,4,0.0,4,0.0,5,0.0,5,0.0,5,0.0,1,0.6666666666666666,1,0.33333333333333337,1,0.6666666666666666,1,0.33333333333333337,5,6242.855099999724
Table Q1: Native FinanceBench category performance,financebench-heldout-v1,question_reasoning,Logical reasoning (based on numerical reasoning) OR Numerical reasoning OR Logical reasoning,P0,3,3,0.0,3,0.1785198928056071,1,0.0,1,0.0,1,0.0,1,0.0,0,,0,,0,,0,,0,,3,0.4666666666666666,3,0.5333333333333333,3,2894.3524999995134
Table Q1: Native FinanceBench category performance,financebench-heldout-v1,question_reasoning,Logical reasoning (based on numerical reasoning) OR Numerical reasoning OR Logical reasoning,P1,3,3,0.0,3,0.10915443745632425,1,0.0,2,0.0,1,0.0,2,0.0,3,0.3333333333333333,3,0.3333333333333333,3,0.08333333333333333,1,1.0,1,0.0,1,0.6666666666666666,1,0.33333333333333337,3,1612.6884000004793
Table Q1: Native FinanceBench category performance,financebench-heldout-v1,question_reasoning,Logical reasoning (based on numerical reasoning) OR Numerical reasoning OR Logical reasoning,P2,3,3,0.0,3,0.12313003452243958,1,1.0,1,0.14285714285714285,1,1.0,1,0.25,3,0.0,3,0.0,3,0.0,1,1.0,1,0.0,1,0.2,1,0.8,3,2257.414200000009
Table Q1: Native FinanceBench category performance,financebench-heldout-v1,question_reasoning,Logical reasoning (based on numerical reasoning) OR Numerical reasoning OR Logical reasoning,P3,3,3,0.0,3,0.1008363201911589,1,0.0,2,0.0,1,0.0,2,0.0,3,0.3333333333333333,3,0.3333333333333333,3,0.16666666666666666,1,1.0,1,0.0,1,0.5,1,0.5,3,5898.796099999648
Table Q1: Native FinanceBench category performance,financebench-heldout-v1,question_reasoning,Numerical reasoning,P0,43,43,0.0,43,0.04547703608149551,41,0.0,42,0.0,41,0.0,42,0.0,0,,0,,0,,0,,0,,27,0.5358024691358024,27,0.4641975308641975,43,2706.0978720930802
Table Q1: Native FinanceBench category performance,financebench-heldout-v1,question_reasoning,Numerical reasoning,P1,43,43,0.0,43,0.046722108304038085,41,0.17073170731707318,43,0.02971236230110159,41,0.17073170731707318,43,0.044126674359232496,43,0.3488372093023256,43,0.26744186046511625,43,0.1682170542635659,21,0.7815192743764172,21,0.21848072562358278,21,0.7070294784580499,21,0.29297052154195014,43,2115.321420930085
Table Q1: Native FinanceBench category performance,financebench-heldout-v1,question_reasoning,Numerical reasoning,P2,43,43,0.0,43,0.05759139767116304,41,0.14634146341463414,43,0.029208194905869324,41,0.14634146341463414,43,0.04290967430502315,43,0.18604651162790697,43,0.12790697674418605,43,0.06782945736434108,19,0.6733652312599681,19,0.3266347687400319,20,0.63,20,0.37,43,2542.9849906975633
Table Q1: Native FinanceBench category performance,financebench-heldout-v1,question_reasoning,Numerical reasoning,P3,43,43,0.0,43,0.05160419254948238,41,0.12195121951219512,43,0.03294573643410852,41,0.12195121951219512,43,0.04784053156146179,43,0.3023255813953488,43,0.2441860465116279,43,0.17713178294573642,18,0.7375661375661376,18,0.26243386243386246,18,0.5811728395061728,18,0.4188271604938272,43,6069.023037209263
Table Q1: Native FinanceBench category performance,financebench-heldout-v1,question_reasoning,Numerical reasoning OR Logical reasoning,P0,6,6,0.0,6,0.11611828211369508,6,0.0,6,0.0,6,0.0,6,0.0,0,,0,,0,,0,,0,,4,0.6041666666666666,4,0.39583333333333337,6,2120.564183333651
Table Q1: Native FinanceBench category performance,financebench-heldout-v1,question_reasoning,Numerical reasoning OR Logical reasoning,P1,6,6,0.0,6,0.13071641217708632,6,0.0,6,0.0,6,0.0,6,0.0,6,0.16666666666666666,6,0.08333333333333333,6,0.08333333333333333,3,0.6944444444444445,3,0.3055555555555556,3,0.4666666666666666,3,0.5333333333333333,6,1886.731666666795
Table Q1: Native FinanceBench category performance,financebench-heldout-v1,question_reasoning,Numerical reasoning OR Logical reasoning,P2,6,6,0.0,6,0.10624358341980422,6,0.0,6,0.0,6,0.0,6,0.0,6,0.16666666666666666,6,0.08333333333333333,6,0.041666666666666664,3,0.7222222222222222,3,0.2777777777777778,3,0.4444444444444444,3,0.5555555555555556,6,2650.143966666898
Table Q1: Native FinanceBench category performance,financebench-heldout-v1,question_reasoning,Numerical reasoning OR Logical reasoning,P3,6,6,0.0,6,0.1263992503166387,6,0.0,6,0.0,6,0.0,6,0.0,6,0.16666666666666666,6,0.08333333333333333,6,0.08333333333333333,2,0.6666666666666666,2,0.33333333333333337,2,0.8333333333333333,2,0.16666666666666669,6,5287.149366667411
Table Q1: Native FinanceBench category performance,financebench-heldout-v1,question_reasoning,Numerical reasoning OR information extraction,P0,4,4,0.0,4,0.1614473924951955,3,0.0,3,0.0,3,0.0,3,0.0,0,,0,,0,,0,,0,,4,0.9166666666666666,4,0.08333333333333334,4,1536.7723250010386
Table Q1: Native FinanceBench category performance,financebench-heldout-v1,question_reasoning,Numerical reasoning OR information extraction,P1,4,4,0.0,4,0.11386386386386387,3,0.0,3,0.0,3,0.0,3,0.0,4,0.0,4,0.0,4,0.0,1,1.0,1,0.0,1,0.0,1,1.0,4,1637.4930250012767
Table Q1: Native FinanceBench category performance,financebench-heldout-v1,question_reasoning,Numerical reasoning OR information extraction,P2,4,4,0.0,4,0.05911680911680911,3,0.0,3,0.0,3,0.0,3,0.0,4,0.0,4,0.0,4,0.0,0,,0,,0,,0,,4,1484.5102499994027
Table Q1: Native FinanceBench category performance,financebench-heldout-v1,question_reasoning,Numerical reasoning OR information extraction,P3,4,4,0.0,4,0.09180758899860023,3,0.0,3,0.0,3,0.0,3,0.0,4,0.0,4,0.0,4,0.0,2,0.5,2,0.5,2,0.8333333333333333,2,0.16666666666666669,4,5497.484749999785
Table Q1: Native FinanceBench category performance,financebench-heldout-v1,question_type,domain-relevant,P0,48,48,0.020833333333333332,48,0.2294324253686468,32,0.0703125,35,0.06666666666666667,32,0.0703125,35,0.054285714285714284,0,,0,,0,,0,,0,,39,0.7132478632478633,39,0.28675213675213673,48,2022.361391666512
Table Q1: Native FinanceBench category performance,financebench-heldout-v1,question_type,domain-relevant,P1,48,48,0.020833333333333332,48,0.21868426559161147,32,0.09375,38,0.07017543859649122,32,0.09375,38,0.07368421052631578,48,0.375,48,0.3333333333333333,48,0.16284722222222223,27,0.9228395061728395,27,0.0771604938271605,25,0.696,25,0.304,48,1787.0560312502828
Table Q1: Native FinanceBench category performance,financebench-heldout-v1,question_type,domain-relevant,P2,48,48,0.020833333333333332,48,0.22620379991725437,32,0.171875,39,0.12332112332112331,32,0.171875,39,0.12094017094017094,48,0.2708333333333333,48,0.23958333333333334,48,0.15,28,0.9255952380952381,28,0.0744047619047619,28,0.599404761904762,28,0.4005952380952381,48,2223.7655708330144
Table Q1: Native FinanceBench category performance,financebench-heldout-v1,question_type,domain-relevant,P3,48,48,0.020833333333333332,48,0.23705965742873059,32,0.1328125,38,0.08421052631578947,32,0.1328125,38,0.09269005847953216,48,0.3958333333333333,48,0.3645833333333333,48,0.20902777777777778,30,0.8933333333333333,30,0.10666666666666667,29,0.6609195402298851,29,0.339080459770115,48,5701.263508333417
Table Q1: Native FinanceBench category performance,financebench-heldout-v1,question_type,metrics-generated,P0,48,48,0.0,48,0.0,48,0.020833333333333332,48,0.020833333333333332,48,0.020833333333333332,48,0.020833333333333332,0,,0,,0,,0,,0,,33,0.3525252525252525,33,0.6474747474747475,48,2568.318902083547
Table Q1: Native FinanceBench category performance,financebench-heldout-v1,question_type,metrics-generated,P1,48,48,0.0,48,0.0044468909898253035,48,0.22916666666666666,48,0.11689510233918128,48,0.22916666666666666,48,0.1270301457801458,48,0.375,48,0.3020833333333333,48,0.21354166666666666,24,0.7463293650793651,24,0.25367063492063496,24,0.5978174603174603,24,0.40218253968253964,48,2073.7280854164815
Table Q1: Native FinanceBench category performance,financebench-heldout-v1,question_type,metrics-generated,P2,48,48,0.0,48,0.003206490929705215,48,0.16666666666666666,48,0.07477678571428571,48,0.16666666666666666,48,0.0842732498982499,48,0.25,48,0.19791666666666666,48,0.09097222222222222,19,0.5812599681020734,19,0.41874003189792663,20,0.5425,20,0.4575,48,2443.516816666867
Table Q1: Native FinanceBench category performance,financebench-heldout-v1,question_type,metrics-generated,P3,48,48,0.0,48,0.000992063492063492,48,0.16666666666666666,48,0.09895833333333333,48,0.16666666666666666,48,0.10952380952380952,48,0.3333333333333333,48,0.28125,48,0.25590277777777776,22,0.6943722943722944,22,0.30562770562770564,22,0.6118686868686868,22,0.3881313131313131,48,5930.249302083212
Table Q1: Native FinanceBench category performance,financebench-heldout-v1,question_type,novel-generated,P0,49,49,0.0,49,0.28403746664570106,32,0.09375,38,0.06140350877192983,32,0.09375,38,0.06578947368421052,0,,0,,0,,0,,0,,40,0.6458333333333333,40,0.35416666666666663,49,1640.3037530612985
Table Q1: Native FinanceBench category performance,financebench-heldout-v1,question_type,novel-generated,P1,49,49,0.02040816326530612,49,0.25079365280155586,32,0.19791666666666666,40,0.13625,32,0.19791666666666666,40,0.14125000000000001,49,0.4489795918367347,49,0.4489795918367347,49,0.2846938775510204,34,0.8660130718954248,34,0.13398692810457516,34,0.6184640522875817,34,0.3815359477124183,49,1937.7559918366944
Table Q1: Native FinanceBench category performance,financebench-heldout-v1,question_type,novel-generated,P2,49,49,0.0,49,0.2653243991420262,32,0.24479166666666666,41,0.14939024390243902,32,0.24479166666666666,41,0.15981416957026712,49,0.42857142857142855,49,0.42857142857142855,49,0.28027210884353737,33,0.8686868686868687,33,0.1313131313131313,33,0.6868686868686869,33,0.31313131313131315,49,2073.1155244900538
Table Q1: Native FinanceBench category performance,financebench-heldout-v1,question_type,novel-generated,P3,49,49,0.0,49,0.26845433127595664,32,0.234375,42,0.11388888888888889,32,0.234375,42,0.1285714285714286,49,0.46938775510204084,49,0.45918367346938777,49,0.3843537414965986,34,0.8676470588235294,34,0.1323529411764706,34,0.6715686274509803,34,0.3284313725490196,49,5273.479871428393
