company_name,ticker,cik,accession_number,form,filing_date,report_date,primary_document,primary_doc_description,source_url,local_path,bytes
Apple Inc.,AAPL,320193,0000320193-25-000079,10-K,2025-10-31,2025-09-27,aapl-20250927.htm,10-K,https://www.sec.gov/Archives/edgar/data/320193/000032019325000079/aapl-20250927.htm,data\raw\10k\aapl\2025-10-31_AAPL_000032019325000079.htm,1520208
Microsoft Corporation,MSFT,789019,0000950170-25-100235,10-K,2025-07-30,2025-06-30,msft-20250630.htm,10-K,https://www.sec.gov/Archives/edgar/data/789019/000095017025100235/msft-20250630.htm,data\raw\10k\msft\2025-07-30_MSFT_000095017025100235.htm,8158067
"Amazon.com, Inc.",AMZN,1018724,0001018724-26-000004,10-K,2026-02-06,2025-12-31,amzn-20251231.htm,10-K,https://www.sec.gov/Archives/edgar/data/1018724/000101872426000004/amzn-20251231.htm,data\raw\10k\amzn\2026-02-06_AMZN_000101872426000004.htm,1968342
"Meta Platforms, Inc.",META,1326801,0001628280-26-003942,10-K,2026-01-29,2025-12-31,meta-20251231.htm,10-K,https://www.sec.gov/Archives/edgar/data/1326801/000162828026003942/meta-20251231.htm,data\raw\10k\meta\2026-01-29_META_000162828026003942.htm,2371750
NVIDIA Corporation,NVDA,1045810,0001045810-26-000021,10-K,2026-02-25,2026-01-25,nvda-20260125.htm,10-K,https://www.sec.gov/Archives/edgar/data/1045810/000104581026000021/nvda-20260125.htm,data\raw\10k\nvda\2026-02-25_NVDA_000104581026000021.htm,1967816
JPMorgan Chase & Co.,JPM,19617,0001628280-26-008131,10-K,2026-02-13,2025-12-31,jpm-20251231.htm,10-K,https://www.sec.gov/Archives/edgar/data/19617/000162828026008131/jpm-20251231.htm,data\raw\10k\jpm\2026-02-13_JPM_000162828026008131.htm,12927325
Bank of America Corporation,BAC,70858,0000070858-26-000157,10-K,2026-02-25,2025-12-31,bac-20251231.htm,10-K,https://www.sec.gov/Archives/edgar/data/70858/000007085826000157/bac-20251231.htm,data\raw\10k\bac\2026-02-25_BAC_000007085826000157.htm,12819060
"BlackRock, Inc.",BLK,1364742,0000950170-24-019271,10-K,2024-02-23,2023-12-31,blk-20231231.htm,10-K,https://www.sec.gov/Archives/edgar/data/1364742/000095017024019271/blk-20231231.htm,data\raw\10k\blk\2024-02-23_BLK_000095017024019271.htm,8605487
"The Goldman Sachs Group, Inc.",GS,886982,0000886982-26-000091,10-K,2026-02-25,2025-12-31,gs-20251231.htm,10-K,https://www.sec.gov/Archives/edgar/data/886982/000088698226000091/gs-20251231.htm,data\raw\10k\gs\2026-02-25_GS_000088698226000091.htm,9611165
State Street Corporation,STT,93751,0000093751-26-000124,10-K,2026-02-19,2025-12-31,stt-20251231.htm,10-K,https://www.sec.gov/Archives/edgar/data/93751/000009375126000124/stt-20251231.htm,data\raw\10k\stt\2026-02-19_STT_000009375126000124.htm,7694408
Broadcom Inc.,AVGO,1730168,0001730168-25-000121,10-K,2025-12-18,2025-11-02,avgo-20251102.htm,10-K,https://www.sec.gov/Archives/edgar/data/1730168/000173016825000121/avgo-20251102.htm,data\raw\10k\avgo\2025-12-18_AVGO_000173016825000121.htm,2700028
Berkshire Hathaway Inc.,BRK-B,1067983,0001193125-26-083899,10-K,2026-03-02,2025-12-31,brka-20251231.htm,10-K,https://www.sec.gov/Archives/edgar/data/1067983/000119312526083899/brka-20251231.htm,data\raw\10k\brk-b\2026-03-02_BRK-B_000119312526083899.htm,10396820
Eli Lilly and Company,LLY,59478,0000059478-26-000013,10-K,2026-02-12,2025-12-31,lly-20251231.htm,10-K,https://www.sec.gov/Archives/edgar/data/59478/000005947826000013/lly-20251231.htm,data\raw\10k\lly\2026-02-12_LLY_000005947826000013.htm,2369961
Walmart Inc.,WMT,104169,0000104169-26-000055,10-K,2026-03-13,2026-01-31,wmt-20260131.htm,10-K,https://www.sec.gov/Archives/edgar/data/104169/000010416926000055/wmt-20260131.htm,data\raw\10k\wmt\2026-03-13_WMT_000010416926000055.htm,2323981
Morgan Stanley,MS,895421,0000895421-26-000086,10-K,2026-02-19,2025-12-31,ms-20251231.htm,10-K,https://www.sec.gov/Archives/edgar/data/895421/000089542126000086/ms-20251231.htm,data\raw\10k\ms\2026-02-19_MS_000089542126000086.htm,9714712
Blackstone Inc.,BX,1393818,0001193125-26-082531,10-K,2026-02-27,2025-12-31,d48618d10k.htm,10-K,https://www.sec.gov/Archives/edgar/data/1393818/000119312526082531/d48618d10k.htm,data\raw\10k\bx\2026-02-27_BX_000119312526082531.htm,9097644
General Motors Company,GM,1467858,0001467858-26-000013,10-K,2026-01-27,2025-12-31,gm-20251231.htm,10-K,https://www.sec.gov/Archives/edgar/data/1467858/000146785826000013/gm-20251231.htm,data\raw\10k\gm\2026-01-27_GM_000146785826000013.htm,4119731
Ford Motor Company,F,37996,0000037996-26-000015,10-K,2026-02-11,2025-12-31,f-20251231.htm,10-K,https://www.sec.gov/Archives/edgar/data/37996/000003799626000015/f-20251231.htm,data\raw\10k\f\2026-02-11_F_000003799626000015.htm,5281502
Wells Fargo & Company,WFC,72971,0000072971-26-000133,10-K,2026-02-24,2025-12-31,wfc-20251231_d2.htm,FORM 10-K,https://www.sec.gov/Archives/edgar/data/72971/000007297126000133/wfc-20251231_d2.htm,data\raw\10k\wfc\2026-02-24_WFC_000007297126000133.htm,359609
Hilton Worldwide Holdings Inc.,HLT,1585689,0001585689-26-000007,10-K,2026-02-11,2025-12-31,hlt-20251231.htm,10-K,https://www.sec.gov/Archives/edgar/data/1585689/000158568926000007/hlt-20251231.htm,data\raw\10k\hlt\2026-02-11_HLT_000158568926000007.htm,2543868
