doc_name,company,doc_type,doc_period,source_url,local_path,download_status,resolved_url,download_source,http_status,file_size_bytes,sha256,pdf_pages,error
3M_2018_10K,3M,10k,2018,https://investors.3m.com/financials/sec-filings/content/0001558370-19-000470/0001558370-19-000470.pdf,data/raw/pdfs/3M_2018_10K.pdf,downloaded,https://investors.3m.com/financials/sec-filings/content/0001558370-19-000470/0001558370-19-000470.pdf,financebench_doc_link,200,1252586,faf10c53fc6f1a8aa346ec3db79145e3ae6fbb3753c8064924e174d0a973934d,160,
3M_2022_10K,3M,10k,2022,https://investors.3m.com/financials/sec-filings/content/0000066740-23-000014/0000066740-23-000014.pdf,data/raw/pdfs/3M_2022_10K.pdf,downloaded,https://investors.3m.com/financials/sec-filings/content/0000066740-23-000014/0000066740-23-000014.pdf,financebench_doc_link,200,1655681,d5cf549543a24b04228fd2af979ff2ca94cf64fb008a789340cb9117fbcfde5d,252,
3M_2023Q2_10Q,3M,10q,2023,https://investors.3m.com/financials/sec-filings/content/0000066740-23-000058/0000066740-23-000058.pdf,data/raw/pdfs/3M_2023Q2_10Q.pdf,downloaded,https://investors.3m.com/financials/sec-filings/content/0000066740-23-000058/0000066740-23-000058.pdf,financebench_doc_link,200,5287301,3e66115793459f42185feeeab4e7f07dd27ab6dd465d0694ce415e861029cf93,92,
ACTIVISIONBLIZZARD_2019_10K,Activision Blizzard,10k,2019,https://investor.activision.com/static-files/32abe798-add2-4770-9c7d-4cd3a840ede2,data/raw/pdfs/ACTIVISIONBLIZZARD_2019_10K.pdf,downloaded,https://raw.githubusercontent.com/patronus-ai/financebench/main/pdfs/ACTIVISIONBLIZZARD_2019_10K.pdf,official_financebench_github,200,1274941,017f1bbc1e37f2945a41fa2b5cf39d822e1e9d435a2c2b9c6b1cc76cd114a2df,198,
ADOBE_2015_10K,Adobe,10k,2015,https://www.adobe.com/pdf-page.html?pdfTarget=aHR0cHM6Ly93d3cuYWRvYmUuY29tL2NvbnRlbnQvZGFtL2NjL2VuL2ludmVzdG9yLXJlbGF0aW9ucy9wZGZzL0FEQkUtMTBLLUZZMTUtRklOQUwucGRm,data/raw/pdfs/ADOBE_2015_10K.pdf,downloaded,https://raw.githubusercontent.com/patronus-ai/financebench/main/pdfs/ADOBE_2015_10K.pdf,official_financebench_github,200,1457725,f9ddba652f19e20752d98b1b4cedcebcb1a9a6d11dd23ab2e2f00f009a164c24,116,
ADOBE_2016_10K,Adobe,10k,2016,https://www.adobe.com/pdf-page.html?pdfTarget=aHR0cHM6Ly93d3cuYWRvYmUuY29tL2NvbnRlbnQvZGFtL2NjL2VuL2ludmVzdG9yLXJlbGF0aW9ucy9wZGZzL0FEQkUtMTBLLUZZMTYtRklOQUwucGRm,data/raw/pdfs/ADOBE_2016_10K.pdf,downloaded,https://raw.githubusercontent.com/patronus-ai/financebench/main/pdfs/ADOBE_2016_10K.pdf,official_financebench_github,200,4171413,655153cdaed14d7093e98ff75595bf850a0d2299fa851ccf5b344ebc2d5038ae,112,
ADOBE_2017_10K,Adobe,10k,2017,https://www.adobe.com/pdf-page.html?pdfTarget=aHR0cHM6Ly93d3cuYWRvYmUuY29tL2NvbnRlbnQvZGFtL2NjL2VuL2ludmVzdG9yLXJlbGF0aW9ucy9wZGZzL0FEQkUtMTBLLUZZMTctRklOQUwucGRm,data/raw/pdfs/ADOBE_2017_10K.pdf,downloaded,https://raw.githubusercontent.com/patronus-ai/financebench/main/pdfs/ADOBE_2017_10K.pdf,official_financebench_github,200,4028448,ace32580369138998de84a0d0e24943766aa8374a17b823fdfae980b9c1458bd,107,
ADOBE_2022_10K,Adobe,10k,2022,https://www.adobe.com/pdf-page.html?pdfTarget=aHR0cHM6Ly93d3cuYWRvYmUuY29tL2NvbnRlbnQvZGFtL2NjL2VuL2ludmVzdG9yLXJlbGF0aW9ucy9wZGZzL0FEQkUtMTBLLUZZMjItRklOQUwucGRm,data/raw/pdfs/ADOBE_2022_10K.pdf,downloaded,https://raw.githubusercontent.com/patronus-ai/financebench/main/pdfs/ADOBE_2022_10K.pdf,official_financebench_github,200,620288,ce8c716abac26bfa38ae6b71d703112852c8591a4bb19f7c1177beb1dfc87ad2,99,
AES_2022_10K,AES Corporation,10k,2022,https://d18rn0p25nwr6d.cloudfront.net/CIK-0000874761/3be55db1-bf7e-407a-8062-6a6b8d9dd2f5.pdf,data/raw/pdfs/AES_2022_10K.pdf,downloaded,https://d18rn0p25nwr6d.cloudfront.net/CIK-0000874761/3be55db1-bf7e-407a-8062-6a6b8d9dd2f5.pdf,financebench_doc_link,200,4479324,9c5de2227534c4d6bf3d805f635bad5d82eddf8e4183a85a3d1311b48b50291d,257,
AMAZON_2017_10K,Amazon,10k,2017,https://d18rn0p25nwr6d.cloudfront.net/CIK-0001018724/02da2a86-7bb9-4bcb-95ae-4ce27ea5e3bc.pdf,data/raw/pdfs/AMAZON_2017_10K.pdf,downloaded,https://d18rn0p25nwr6d.cloudfront.net/CIK-0001018724/02da2a86-7bb9-4bcb-95ae-4ce27ea5e3bc.pdf,financebench_doc_link,200,627047,f8af08ff6c4147351ec3a6e5e2c74e104678ce68fb0d6d476b1e43f685c09a3f,85,
AMAZON_2019_10K,Amazon,10k,2019,https://d18rn0p25nwr6d.cloudfront.net/CIK-0001018724/4d39f579-19d8-4119-b087-ee618abf82d6.pdf,data/raw/pdfs/AMAZON_2019_10K.pdf,downloaded,https://d18rn0p25nwr6d.cloudfront.net/CIK-0001018724/4d39f579-19d8-4119-b087-ee618abf82d6.pdf,financebench_doc_link,200,619184,d7df8c6cf3e351a8d68c7473be4159723d545260a32dbc82a8dd11c254c5584a,83,
AMCOR_2020_10K,Amcor,10k,2020,https://portalvhds1fxb0jchzgjph.blob.core.windows.net/press-releases-attachments/1517907/Annual%20report%20%5BSection%2013%20and%2015(d)%2C%20not%20S-K%20Item%20405%5D.pdf,data/raw/pdfs/AMCOR_2020_10K.pdf,downloaded,https://portalvhds1fxb0jchzgjph.blob.core.windows.net/press-releases-attachments/1517907/Annual%20report%20%5BSection%2013%20and%2015(d)%2C%20not%20S-K%20Item%20405%5D.pdf,financebench_doc_link,200,8364895,da158d5c68835374bcc52205663aa7653af1c2a6b31b09ab775c6e02a40da026,195,
AMCOR_2022_8K_dated-2022-07-01,Amcor,8k,2022,https://portalvhds1fxb0jchzgjph.blob.core.windows.net/press-releases-attachments/1517333/Current%20report.pdf,data/raw/pdfs/AMCOR_2022_8K_dated-2022-07-01.pdf,downloaded,https://portalvhds1fxb0jchzgjph.blob.core.windows.net/press-releases-attachments/1517333/Current%20report.pdf,financebench_doc_link,200,147921,1de32e72c265486469f3b1c7cbfbe064a27055e60f7b43a81439986dda9025ad,9,
AMCOR_2023Q2_10Q,Amcor,10q,2023,https://portalvhds1fxb0jchzgjph.blob.core.windows.net/press-releases-attachments/1516809/Quarterly%20report%20%5BSections%2013%20or%2015(d)%5D.pdf,data/raw/pdfs/AMCOR_2023Q2_10Q.pdf,downloaded,https://portalvhds1fxb0jchzgjph.blob.core.windows.net/press-releases-attachments/1516809/Quarterly%20report%20%5BSections%2013%20or%2015(d)%5D.pdf,financebench_doc_link,200,455017,71c39c3f338fc81a99e128e8e871e265818657670a7d29a62c454c905f94524c,57,
AMCOR_2023Q4_EARNINGS,Amcor,Earnings,2023,https://assets.ctfassets.net/f7tuyt85vtoa/lkZ2DcdUS4nrhXzLdqCIw/4de2a47a58532c829039cfa972c7ad78/Amcor_FY23_-_Press_Release_FINAL.pdf,data/raw/pdfs/AMCOR_2023Q4_EARNINGS.pdf,downloaded,https://assets.ctfassets.net/f7tuyt85vtoa/lkZ2DcdUS4nrhXzLdqCIw/4de2a47a58532c829039cfa972c7ad78/Amcor_FY23_-_Press_Release_FINAL.pdf,financebench_doc_link,200,244702,d155b7808e78167831648f476b7e3578e2d98645dee30862bbef4ff50fa24bf4,14,
AMCOR_2023_10K,Amcor,10k,2023,https://portalvhds1fxb0jchzgjph.blob.core.windows.net/press-releases-attachments/1556025/Annual%20report%20%5BSection%2013%20and%2015(d)%2C%20not%20S-K%20Item%20405%5D.pdf,data/raw/pdfs/AMCOR_2023_10K.pdf,downloaded,https://portalvhds1fxb0jchzgjph.blob.core.windows.net/press-releases-attachments/1556025/Annual%20report%20%5BSection%2013%20and%2015(d)%2C%20not%20S-K%20Item%20405%5D.pdf,financebench_doc_link,200,1108309,84d7a0291a12f4e68352750dccda3754c78eefdf06e0b5462046357a1ed53332,156,
AMD_2015_10K,AMD,10k,2015,https://ir.amd.com/sec-filings/filter/annual-filings/content/0000002488-16-000111/0000002488-16-000111.pdf,data/raw/pdfs/AMD_2015_10K.pdf,downloaded,https://raw.githubusercontent.com/patronus-ai/financebench/main/pdfs/AMD_2015_10K.pdf,official_financebench_github,200,2474122,105fff1c4af84a3d974b0f3fa224122e782aedca60fa3609f2789c80549dd8f6,215,
AMD_2022_10K,AMD,10k,2022,https://ir.amd.com/sec-filings/content/0000002488-23-000047/0000002488-23-000047.pdf,data/raw/pdfs/AMD_2022_10K.pdf,downloaded,https://ir.amd.com/sec-filings/content/0000002488-23-000047/0000002488-23-000047.pdf,financebench_doc_link,200,5122473,a3bd74088fae0ad4aa03d04998a1f4c64fd0b3c693841601b0ac49b46cf5c1f4,121,
AMERICANEXPRESS_2022_10K,American Express,10k,2022,https://s26.q4cdn.com/747928648/files/doc_financials/2022/q4/AMEX-10K-4Q22.pdf,data/raw/pdfs/AMERICANEXPRESS_2022_10K.pdf,downloaded,https://s26.q4cdn.com/747928648/files/doc_financials/2022/q4/AMEX-10K-4Q22.pdf,financebench_doc_link,200,2436166,d3bbc7ab23d6160e07eab50a359e4d68c40efff9fde3baa168e7c40e06f568e6,260,
AMERICANWATERWORKS_2020_10K,American Water Works,10k,2020,https://d18rn0p25nwr6d.cloudfront.net/CIK-0001410636/088387fd-7250-4370-80a7-dc5a30ea84ed.pdf,data/raw/pdfs/AMERICANWATERWORKS_2020_10K.pdf,downloaded,https://d18rn0p25nwr6d.cloudfront.net/CIK-0001410636/088387fd-7250-4370-80a7-dc5a30ea84ed.pdf,financebench_doc_link,200,1437123,6b43f1ed70b67c06483d28f8054270d597bce8507f298af2b1b6d9356d728602,152,
AMERICANWATERWORKS_2021_10K,American Water Works,10k,2021,https://d18rn0p25nwr6d.cloudfront.net/CIK-0001410636/1228947b-ee48-4079-984b-7741727bbcea.pdf,data/raw/pdfs/AMERICANWATERWORKS_2021_10K.pdf,downloaded,https://d18rn0p25nwr6d.cloudfront.net/CIK-0001410636/1228947b-ee48-4079-984b-7741727bbcea.pdf,financebench_doc_link,200,1975636,701528ae6d14a77229468a829ee18f01ed439d5be012d0a915d2683335051029,181,
AMERICANWATERWORKS_2022_10K,American Water Works,10k,2022,https://d18rn0p25nwr6d.cloudfront.net/CIK-0001410636/ba508f4d-f3f5-4b6a-beba-e7bef231f5db.pdf,data/raw/pdfs/AMERICANWATERWORKS_2022_10K.pdf,downloaded,https://d18rn0p25nwr6d.cloudfront.net/CIK-0001410636/ba508f4d-f3f5-4b6a-beba-e7bef231f5db.pdf,financebench_doc_link,200,2729077,aea336531f1f8b10ecee1dd61066aab29794504f1f4a1407c857bd1e20d7da40,306,
BESTBUY_2017_10K,Best Buy,10k,2017,https://d18rn0p25nwr6d.cloudfront.net/CIK-0000764478/47c2227c-aa33-4fe8-b14c-5f77bc63857e.pdf,data/raw/pdfs/BESTBUY_2017_10K.pdf,downloaded,https://d18rn0p25nwr6d.cloudfront.net/CIK-0000764478/47c2227c-aa33-4fe8-b14c-5f77bc63857e.pdf,financebench_doc_link,200,776434,4570187fa697f252e08c8f99c409446fbcde05b08358851d34d4cb1c8bd1cec8,109,
BESTBUY_2019_10K,Best Buy,10k,2019,https://d18rn0p25nwr6d.cloudfront.net/CIK-0000764478/17bef9d1-6ef1-4a53-beb8-9c12b07a4a0e.pdf,data/raw/pdfs/BESTBUY_2019_10K.pdf,downloaded,https://d18rn0p25nwr6d.cloudfront.net/CIK-0000764478/17bef9d1-6ef1-4a53-beb8-9c12b07a4a0e.pdf,financebench_doc_link,200,782117,d3228e9acd2ce498b97a9d2cb99c2330b9a04687b7947908646d205b3eadf30d,107,
BESTBUY_2023_10K,Best Buy,10k,2023,https://d18rn0p25nwr6d.cloudfront.net/CIK-0000764478/a7d1c855-4d22-48e4-9d17-b5f5af923dbe.pdf,data/raw/pdfs/BESTBUY_2023_10K.pdf,downloaded,https://d18rn0p25nwr6d.cloudfront.net/CIK-0000764478/a7d1c855-4d22-48e4-9d17-b5f5af923dbe.pdf,financebench_doc_link,200,703034,7ca465d31a08be29e8c08d756644d33d818c7254a1215720f265227005cda696,75,
BESTBUY_2024Q2_10Q,Best Buy,10q,2024,https://d18rn0p25nwr6d.cloudfront.net/CIK-0000764478/5e179976-086d-4c3c-af0c-85fda4b35b9d.pdf,data/raw/pdfs/BESTBUY_2024Q2_10Q.pdf,downloaded,https://d18rn0p25nwr6d.cloudfront.net/CIK-0000764478/5e179976-086d-4c3c-af0c-85fda4b35b9d.pdf,financebench_doc_link,200,442386,cf9efb922bdd28d726d7e1605c5fa1f263dda72e033989e3bc9ee3a3bb356c03,30,
BLOCK_2016_10K,Block,10k,2016,https://d18rn0p25nwr6d.cloudfront.net/CIK-0001512673/1862b88f-4e6b-4251-be45-4833fc0a0126.pdf,data/raw/pdfs/BLOCK_2016_10K.pdf,downloaded,https://d18rn0p25nwr6d.cloudfront.net/CIK-0001512673/1862b88f-4e6b-4251-be45-4833fc0a0126.pdf,financebench_doc_link,200,864350,5ef866a19b1110dcdbd1b0bc3c513a04e3d05322384c754cf394ad63f9af8191,121,
BLOCK_2020_10K,Block,10k,2020,https://d18rn0p25nwr6d.cloudfront.net/CIK-0001512673/c7b05bfa-5bb8-43b7-9580-9de362ef1e83.pdf,data/raw/pdfs/BLOCK_2020_10K.pdf,downloaded,https://d18rn0p25nwr6d.cloudfront.net/CIK-0001512673/c7b05bfa-5bb8-43b7-9580-9de362ef1e83.pdf,financebench_doc_link,200,1159158,c19a9fb25db3270e3a908c202855f4a54f000a06bf19a8b284331810228646fe,158,
BOEING_2018_10K,Boeing,10k,2018,https://d18rn0p25nwr6d.cloudfront.net/CIK-0000012927/fdc164e4-475f-416e-ac75-acd03df4d646.pdf,data/raw/pdfs/BOEING_2018_10K.pdf,downloaded,https://d18rn0p25nwr6d.cloudfront.net/CIK-0000012927/fdc164e4-475f-416e-ac75-acd03df4d646.pdf,financebench_doc_link,200,967741,6f1ace34b3b01778ad7d92d43ccd2f76513d5159ef48fbc07b510296cf2d07dc,136,
BOEING_2022_10K,Boeing,10k,2022,https://d18rn0p25nwr6d.cloudfront.net/CIK-0000012927/c93682a4-8b3c-4251-a2ed-97c4e474a214.pdf,data/raw/pdfs/BOEING_2022_10K.pdf,downloaded,https://d18rn0p25nwr6d.cloudfront.net/CIK-0000012927/c93682a4-8b3c-4251-a2ed-97c4e474a214.pdf,financebench_doc_link,200,1366995,09285ff7ee737d3302977104aa05cc53c9dfb0161f3461a89b583dc38b9f2ab6,190,
COCACOLA_2017_10K,Coca-Cola,10k,2017,https://investors.coca-colacompany.com/filings-reports/annual-filings-10-k/content/0000021344-18-000008/0000021344-18-000008.pdf,data/raw/pdfs/COCACOLA_2017_10K.pdf,downloaded,https://investors.coca-colacompany.com/filings-reports/annual-filings-10-k/content/0000021344-18-000008/0000021344-18-000008.pdf,financebench_doc_link,200,1790599,b57c75cf20916904f31c6aa7644d6c110f019adf7c76782c7d0ede7b95c65ac1,197,
COCACOLA_2021_10K,Coca-Cola,10k,2021,https://investors.coca-colacompany.com/filings-reports/annual-filings-10-k/content/0000021344-22-000009/0000021344-22-000009.pdf,data/raw/pdfs/COCACOLA_2021_10K.pdf,downloaded,https://investors.coca-colacompany.com/filings-reports/annual-filings-10-k/content/0000021344-22-000009/0000021344-22-000009.pdf,financebench_doc_link,200,9762541,46a7059b9da795cd1ea9862d5b4f82a21e9b72e799351927a11f5cb4c528b592,183,
COCACOLA_2022_10K,Coca-Cola,10k,2022,https://investors.coca-colacompany.com/filings-reports/all-sec-filings/content/0000021344-23-000011/0000021344-23-000011.pdf,data/raw/pdfs/COCACOLA_2022_10K.pdf,downloaded,https://investors.coca-colacompany.com/filings-reports/all-sec-filings/content/0000021344-23-000011/0000021344-23-000011.pdf,financebench_doc_link,200,9485811,9a4fe8724125f67e82727ac2026ee540c8091bb39dfd29ecd4e69c5f80d4e343,183,
CORNING_2020_10K,Corning,10k,2020,https://d18rn0p25nwr6d.cloudfront.net/CIK-0000024741/7cdeac7f-277e-4258-ad8e-4ba0f655f368.pdf,data/raw/pdfs/CORNING_2020_10K.pdf,downloaded,https://d18rn0p25nwr6d.cloudfront.net/CIK-0000024741/7cdeac7f-277e-4258-ad8e-4ba0f655f368.pdf,financebench_doc_link,200,1180865,ef471ab9ff6067f117977df6df8b4b5007066286b733981475ac2ccf48d91e59,138,
CORNING_2021_10K,Corning,10k,2021,https://d18rn0p25nwr6d.cloudfront.net/CIK-0000024741/f9519502-38b3-4e0b-94fa-b6a7138812a4.pdf,data/raw/pdfs/CORNING_2021_10K.pdf,downloaded,https://d18rn0p25nwr6d.cloudfront.net/CIK-0000024741/f9519502-38b3-4e0b-94fa-b6a7138812a4.pdf,financebench_doc_link,200,1131912,8023fac91ad417f996b692c506ee0e097effd091e698275288e4126cb8a2020e,125,
CORNING_2022_10K,Corning,10k,2022,https://d18rn0p25nwr6d.cloudfront.net/CIK-0000024741/eb24002c-e050-45eb-806a-15264d59131c.pdf,data/raw/pdfs/CORNING_2022_10K.pdf,downloaded,https://d18rn0p25nwr6d.cloudfront.net/CIK-0000024741/eb24002c-e050-45eb-806a-15264d59131c.pdf,financebench_doc_link,200,1399926,a63f102f045826b38ad21a606c33710f62932646fd7c0f1852ce411a4397a3ee,159,
COSTCO_2021_10K,Costco,10k,2021,https://d18rn0p25nwr6d.cloudfront.net/CIK-0000909832/534964a5-44c9-47b3-b3c0-7620830fad6c.pdf,data/raw/pdfs/COSTCO_2021_10K.pdf,downloaded,https://d18rn0p25nwr6d.cloudfront.net/CIK-0000909832/534964a5-44c9-47b3-b3c0-7620830fad6c.pdf,financebench_doc_link,200,765319,29e05b3862cf6ffa6cfda34ac82a9fa0fe76b67338c5924da3325c2ee3b08748,76,
CVSHEALTH_2018_10K,CVS Health,10k,2018,https://d18rn0p25nwr6d.cloudfront.net/CIK-0000064803/317e65d9-41c0-4975-b3e1-30f7f2616049.pdf,data/raw/pdfs/CVSHEALTH_2018_10K.pdf,downloaded,https://d18rn0p25nwr6d.cloudfront.net/CIK-0000064803/317e65d9-41c0-4975-b3e1-30f7f2616049.pdf,financebench_doc_link,200,1868195,bdc800e3f52a3e1d7a79c0973af3e94122fa08a76e335ea8305df60a09e1a0dc,392,
CVSHEALTH_2022_10K,CVS Health,10k,2022,https://d18rn0p25nwr6d.cloudfront.net/CIK-0000064803/e4b97418-e95e-4391-b2d9-8c604c4950ac.pdf,data/raw/pdfs/CVSHEALTH_2022_10K.pdf,downloaded,https://d18rn0p25nwr6d.cloudfront.net/CIK-0000064803/e4b97418-e95e-4391-b2d9-8c604c4950ac.pdf,financebench_doc_link,200,1898137,183c196a41793cd50002ff6b88f8c6d32e4fcb1117ab490a732414e1208cda8f,213,
FOOTLOCKER_2022_8K_dated-2022-05-20,Foot Locker,8k,2022,https://investors.footlocker-inc.com/static-files/1ad2000b-8d76-4acd-8048-90b6fc17fee1,data/raw/pdfs/FOOTLOCKER_2022_8K_dated-2022-05-20.pdf,downloaded,https://raw.githubusercontent.com/patronus-ai/financebench/main/pdfs/FOOTLOCKER_2022_8K_dated-2022-05-20.pdf,official_financebench_github,200,116133,865f22331a5943a85e53e38d1753addbeb6c42270853cddd0abc73ab23d150e9,4,
FOOTLOCKER_2022_8K_dated_2022-08-19,Foot Locker,8k,2022,https://investors.footlocker-inc.com/static-files/6120b3ac-d921-4d93-9e7a-c2685e4b74b0,data/raw/pdfs/FOOTLOCKER_2022_8K_dated_2022-08-19.pdf,downloaded,https://raw.githubusercontent.com/patronus-ai/financebench/main/pdfs/FOOTLOCKER_2022_8K_dated_2022-08-19.pdf,official_financebench_github,200,316459,70fd2d5bfc6955424196b372a5273ffbc74d2f0153f291e10e73edc37962a14e,31,
GENERALMILLS_2019_10K,General Mills,10k,2019,https://d18rn0p25nwr6d.cloudfront.net/CIK-0000040704/0fd13703-8eed-4b60-b46c-b2b3199887dc.pdf,data/raw/pdfs/GENERALMILLS_2019_10K.pdf,downloaded,https://d18rn0p25nwr6d.cloudfront.net/CIK-0000040704/0fd13703-8eed-4b60-b46c-b2b3199887dc.pdf,financebench_doc_link,200,920782,e8120ce31b22136e15c14115cdfbf3ddc548e58f15b6febc350c422a4c12d9db,140,
GENERALMILLS_2020_10K,General Mills,10k,2020,https://s29.q4cdn.com/993087495/files/doc_downloads/2020/F20_10K_Final_07.01.2020.pdf,data/raw/pdfs/GENERALMILLS_2020_10K.pdf,downloaded,https://s29.q4cdn.com/993087495/files/doc_downloads/2020/F20_10K_Final_07.01.2020.pdf,financebench_doc_link,200,2342475,626dd53f9b52e5895b7a7073e1c491008769970609c10e2f6cf8247ed85d6fae,127,
GENERALMILLS_2022_10K,General Mills,10k,2022,https://d18rn0p25nwr6d.cloudfront.net/CIK-0000040704/e031af8c-f4fd-4350-9275-d3dbbec95c8c.pdf,data/raw/pdfs/GENERALMILLS_2022_10K.pdf,downloaded,https://d18rn0p25nwr6d.cloudfront.net/CIK-0000040704/e031af8c-f4fd-4350-9275-d3dbbec95c8c.pdf,financebench_doc_link,200,1083414,27f2cc507ffc056de3b679d124d51b80bd043ce7b8e867c59e2cdfe1d2ea5de3,127,
JOHNSON_JOHNSON_2022Q4_EARNINGS,Johnson & Johnson,Earnings,2022,https://johnsonandjohnson.gcs-web.com/static-files/ca8c3ac2-15ab-4f8d-9693-f604d50be358,data/raw/pdfs/JOHNSON_JOHNSON_2022Q4_EARNINGS.pdf,downloaded,https://raw.githubusercontent.com/patronus-ai/financebench/main/pdfs/JOHNSON_JOHNSON_2022Q4_EARNINGS.pdf,official_financebench_github,200,729392,7ae6bf6f9a998d19e23fd796b58b0f2015085c74712253b78fb90174c12436a7,24,
JOHNSON_JOHNSON_2022_10K,Johnson & Johnson,10k,2022,https://johnsonandjohnson.gcs-web.com/static-files/9b012500-471a-4df9-93fc-6cee2b420678,data/raw/pdfs/JOHNSON_JOHNSON_2022_10K.pdf,downloaded,https://raw.githubusercontent.com/patronus-ai/financebench/main/pdfs/JOHNSON_JOHNSON_2022_10K.pdf,official_financebench_github,200,1941368,dba7d6cc97734abd6dcbc1a6a34f82b5d228e60d0a1a32425a90404fd4d3e290,151,
JOHNSON_JOHNSON_2023Q2_EARNINGS,Johnson & Johnson,Earnings,2023,https://johnsonandjohnson.gcs-web.com/static-files/6626623f-0619-46dc-b7b6-57568124c517,data/raw/pdfs/JOHNSON_JOHNSON_2023Q2_EARNINGS.pdf,downloaded,https://raw.githubusercontent.com/patronus-ai/financebench/main/pdfs/JOHNSON_JOHNSON_2023Q2_EARNINGS.pdf,official_financebench_github,200,1212840,db1f3419d309440e644dc3cdfbb74758e67734dd181e5dbabc7479d0ab92d026,24,
JOHNSON_JOHNSON_2023_8K_dated-2023-08-30,Johnson & Johnson,8k,2023,https://johnsonandjohnson.gcs-web.com/static-files/fa9ff302-f93d-450a-a73a-2ac9fb67d2ee,data/raw/pdfs/JOHNSON_JOHNSON_2023_8K_dated-2023-08-30.pdf,downloaded,https://raw.githubusercontent.com/patronus-ai/financebench/main/pdfs/JOHNSON_JOHNSON_2023_8K_dated-2023-08-30.pdf,official_financebench_github,200,455282,0601a4b9f15e4400ced1b2ccb81c309cb66844fbac6b975a76dc490501bea95a,27,
JPMORGAN_2021Q1_10Q,JPMorgan,10q,2021,https://www.jpmorganchase.com/content/dam/jpmc/jpmorgan-chase-and-co/investor-relations/documents/quarterly-earnings/2021/1st-quarter/1q21-10-q.pdf,data/raw/pdfs/JPMORGAN_2021Q1_10Q.pdf,downloaded,https://www.jpmorganchase.com/content/dam/jpmc/jpmorgan-chase-and-co/investor-relations/documents/quarterly-earnings/2021/1st-quarter/1q21-10-q.pdf,financebench_doc_link,200,2285253,62518c05b02265dc13ca257d9ec0be0aec4449dad53db0c77d93444e7e2cfe97,179,
JPMORGAN_2022Q2_10Q,JPMorgan,10q,2022,https://www.jpmorganchase.com/content/dam/jpmc/jpmorgan-chase-and-co/investor-relations/documents/quarterly-earnings/2022/2nd-quarter/corp-q2-2022.pdf,data/raw/pdfs/JPMORGAN_2022Q2_10Q.pdf,downloaded,https://www.jpmorganchase.com/content/dam/jpmc/jpmorgan-chase-and-co/investor-relations/documents/quarterly-earnings/2022/2nd-quarter/corp-q2-2022.pdf,financebench_doc_link,200,2290421,7d715f552d4eeb6b2a1ea8ae02237b5767306907e761270ac23d74ac5b7e44b5,197,
JPMORGAN_2022_10K,JPMorgan,10k,2022,https://www.jpmorganchase.com/content/dam/jpmc/jpmorgan-chase-and-co/investor-relations/documents/quarterly-earnings/2022/4th-quarter/corp-10k-2022.pdf,data/raw/pdfs/JPMORGAN_2022_10K.pdf,downloaded,https://www.jpmorganchase.com/content/dam/jpmc/jpmorgan-chase-and-co/investor-relations/documents/quarterly-earnings/2022/4th-quarter/corp-10k-2022.pdf,financebench_doc_link,200,6947859,c269899950f36edfa496e3c8447a51d86d0a206442a96dc24dcd9317d55b957c,382,
JPMORGAN_2023Q2_10Q,JPMorgan,10q,2023,https://www.jpmorganchase.com/content/dam/jpmc/jpmorgan-chase-and-co/investor-relations/documents/quarterly-earnings/2023/2nd-quarter/CORP-Q2-2023.pdf,data/raw/pdfs/JPMORGAN_2023Q2_10Q.pdf,downloaded,https://www.jpmorganchase.com/content/dam/jpmc/jpmorgan-chase-and-co/investor-relations/documents/quarterly-earnings/2023/2nd-quarter/CORP-Q2-2023.pdf,financebench_doc_link,200,2573600,eef2d9c1fdb5dc82be48166487a9e451c8544aec932a01fb06309ea7cd7122f5,217,
KRAFTHEINZ_2019_10K,Kraft Heinz,10k,2019,https://ir.kraftheinzcompany.com/static-files/2d2e9a1f-a7bc-4c07-9e5e-77aa60be8f86,data/raw/pdfs/KRAFTHEINZ_2019_10K.pdf,downloaded,https://raw.githubusercontent.com/patronus-ai/financebench/main/pdfs/KRAFTHEINZ_2019_10K.pdf,official_financebench_github,200,1531923,df1340e7b002e5f412d4c9073292d0f48a2988fd347d5a4f44d017b9680fbae2,152,
LOCKHEEDMARTIN_2020_10K,Lockheed Martin,10k,2020,https://investors.lockheedmartin.com/static-files/51bf9a09-5811-4f36-a5e4-fccaf8bfffea,data/raw/pdfs/LOCKHEEDMARTIN_2020_10K.pdf,downloaded,https://raw.githubusercontent.com/patronus-ai/financebench/main/pdfs/LOCKHEEDMARTIN_2020_10K.pdf,official_financebench_github,200,1372193,1e68051a649270779fc5cb68806612a28d7d81288ed75dd37aa1858717bf55a0,132,
LOCKHEEDMARTIN_2021_10K,Lockheed Martin,10k,2021,https://investors.lockheedmartin.com/static-files/9ea385e3-f89c-471a-a720-4dcda1279cec,data/raw/pdfs/LOCKHEEDMARTIN_2021_10K.pdf,downloaded,https://raw.githubusercontent.com/patronus-ai/financebench/main/pdfs/LOCKHEEDMARTIN_2021_10K.pdf,official_financebench_github,200,1347017,d2486265fedea887bcc621f0b2dbb9670e66fe05203e1378b8e650c9564732fb,136,
LOCKHEEDMARTIN_2022_10K,Lockheed Martin,10k,2022,https://investors.lockheedmartin.com/static-files/3e78cba6-f0c4-48d0-b931-fc6137744c87,data/raw/pdfs/LOCKHEEDMARTIN_2022_10K.pdf,downloaded,https://raw.githubusercontent.com/patronus-ai/financebench/main/pdfs/LOCKHEEDMARTIN_2022_10K.pdf,official_financebench_github,200,1398312,9a2317300d0f1e2623ba291fe9ec38fc779c1d1ad989dcfe6f862b77435c6923,130,
MGMRESORTS_2018_10K,MGM Resorts,10k,2018,https://d18rn0p25nwr6d.cloudfront.net/CIK-0000789570/d1b055df-9e21-4013-a311-67c98e2eb16a.pdf,data/raw/pdfs/MGMRESORTS_2018_10K.pdf,downloaded,https://d18rn0p25nwr6d.cloudfront.net/CIK-0000789570/d1b055df-9e21-4013-a311-67c98e2eb16a.pdf,financebench_doc_link,200,1421540,1b540737f91716aaa23b062499e6cab9c51d258e151f37eb8c65646bb588a0da,188,
MGMRESORTS_2020_10K,MGM Resorts,10k,2020,https://d18rn0p25nwr6d.cloudfront.net/CIK-0000789570/03692647-6ccc-4177-8ce9-13ac35692254.pdf,data/raw/pdfs/MGMRESORTS_2020_10K.pdf,downloaded,https://d18rn0p25nwr6d.cloudfront.net/CIK-0000789570/03692647-6ccc-4177-8ce9-13ac35692254.pdf,financebench_doc_link,200,1383002,98a9a55baf838309d16a730fd63efbcd146be1911b61abb3658b1774f360b099,150,
MGMRESORTS_2022Q4_EARNINGS,MGM Resorts,Earnings,2022,https://s22.q4cdn.com/513010314/files/doc_financials/2022/q4/r/MGM-Resorts-Exhibit-99.1.pdf,data/raw/pdfs/MGMRESORTS_2022Q4_EARNINGS.pdf,downloaded,https://s22.q4cdn.com/513010314/files/doc_financials/2022/q4/r/MGM-Resorts-Exhibit-99.1.pdf,financebench_doc_link,200,737922,fe9126b17c3656e50d53741b13cb5fb233d4adaf922e4d84072b1d5e564fbfbd,15,
MGMRESORTS_2022_10K,MGM Resorts,10k,2022,https://d18rn0p25nwr6d.cloudfront.net/CIK-0000789570/5e924681-e9c4-4bfb-95db-ef7c484303e7.pdf,data/raw/pdfs/MGMRESORTS_2022_10K.pdf,downloaded,https://d18rn0p25nwr6d.cloudfront.net/CIK-0000789570/5e924681-e9c4-4bfb-95db-ef7c484303e7.pdf,financebench_doc_link,200,1755866,130b96c1309c97aaedcabee2fa5d5421e54491e618273bd33c3b1aeddad323ec,220,
MGMRESORTS_2023Q2_10Q,MGM Resorts,10q,2023,https://d18rn0p25nwr6d.cloudfront.net/CIK-0000789570/e20e899f-c320-44ee-b5f9-c219e4585f49.pdf,data/raw/pdfs/MGMRESORTS_2023Q2_10Q.pdf,downloaded,https://d18rn0p25nwr6d.cloudfront.net/CIK-0000789570/e20e899f-c320-44ee-b5f9-c219e4585f49.pdf,financebench_doc_link,200,661891,09c02fd40073570ae0826d707674154a9cd55a895e94096a82fcf0a4447ea64d,62,
MICROSOFT_2016_10K,Microsoft,10k,2016,https://microsoft.gcs-web.com/static-files/a779c4f1-d788-4890-83fb-633d198efe7e,data/raw/pdfs/MICROSOFT_2016_10K.pdf,downloaded,https://raw.githubusercontent.com/patronus-ai/financebench/main/pdfs/MICROSOFT_2016_10K.pdf,official_financebench_github,200,838415,f3555bd5ea1802770cc8f2a7ca766392e16fe6504f18688db681d852029404dc,121,
MICROSOFT_2023_10K,Microsoft,10k,2023,https://microsoft.gcs-web.com/static-files/e2931fdb-9823-4130-b2a8-f6b8db0b15a9,data/raw/pdfs/MICROSOFT_2023_10K.pdf,downloaded,https://raw.githubusercontent.com/patronus-ai/financebench/main/pdfs/MICROSOFT_2023_10K.pdf,official_financebench_github,200,726155,e534af371c824aab19b8d01f8bc0e9d1e0a3fb418a33119c5224a53d20a0d37b,116,
NETFLIX_2015_10K,Netflix,10k,2015,https://d18rn0p25nwr6d.cloudfront.net/CIK-0001065280/7c37ae9c-ace5-4ad5-ab02-6b5e82c5ff8f.pdf,data/raw/pdfs/NETFLIX_2015_10K.pdf,downloaded,https://d18rn0p25nwr6d.cloudfront.net/CIK-0001065280/7c37ae9c-ace5-4ad5-ab02-6b5e82c5ff8f.pdf,financebench_doc_link,200,578489,b22ca874ef08f383bd0b1071677d44f4a242af668f855f00dc9c6d4ac94148e2,72,
NETFLIX_2017_10K,Netflix,10k,2017,https://d18rn0p25nwr6d.cloudfront.net/CIK-0001065280/105c44c4-a362-4ed5-b606-78f512ff277c.pdf,data/raw/pdfs/NETFLIX_2017_10K.pdf,downloaded,https://d18rn0p25nwr6d.cloudfront.net/CIK-0001065280/105c44c4-a362-4ed5-b606-78f512ff277c.pdf,financebench_doc_link,200,651011,981a69bba010dd1709c74ccec9ca26c61635c02a4f22b76345d26021e88077d6,73,
NIKE_2018_10K,Nike,10k,2018,https://d18rn0p25nwr6d.cloudfront.net/CIK-0000320187/3489b854-fa60-41a7-b8c3-8dc6b67534c0.pdf,data/raw/pdfs/NIKE_2018_10K.pdf,downloaded,https://d18rn0p25nwr6d.cloudfront.net/CIK-0000320187/3489b854-fa60-41a7-b8c3-8dc6b67534c0.pdf,financebench_doc_link,200,962221,31de66f1e37cabf1785e0ffa66955bf003bf2a9dcf3f4ebe93732d063b7b6ebe,97,
NIKE_2019_10K,Nike,10k,2019,https://d18rn0p25nwr6d.cloudfront.net/CIK-0000320187/76b92d86-75b3-4fa9-a754-e83395d63a46.pdf,data/raw/pdfs/NIKE_2019_10K.pdf,downloaded,https://d18rn0p25nwr6d.cloudfront.net/CIK-0000320187/76b92d86-75b3-4fa9-a754-e83395d63a46.pdf,financebench_doc_link,200,909932,7dbdf1bcbf37dd6d6e694ce95bcb23cd6943d08cc9cd1e5ee9832ed8f7eebdc6,104,
NIKE_2021_10K,Nike,10k,2021,https://d18rn0p25nwr6d.cloudfront.net/CIK-0000320187/702c5a98-3399-4049-aa9b-a159dd44826c.pdf,data/raw/pdfs/NIKE_2021_10K.pdf,downloaded,https://d18rn0p25nwr6d.cloudfront.net/CIK-0000320187/702c5a98-3399-4049-aa9b-a159dd44826c.pdf,financebench_doc_link,200,877882,73b54e5e0b1b0b33e51ac314f6d9a9db0bcc286269feb24a3445a5f1ff0f7789,109,
NIKE_2023_10K,Nike,10k,2023,https://s1.q4cdn.com/806093406/files/doc_downloads/2023/414759-1-_5_Nike-NPS-Combo_Form-10-K_WR.pdf,data/raw/pdfs/NIKE_2023_10K.pdf,downloaded,https://s1.q4cdn.com/806093406/files/doc_downloads/2023/414759-1-_5_Nike-NPS-Combo_Form-10-K_WR.pdf,financebench_doc_link,200,3463188,51f5a0fc6ede20de4f5cfdeae8791a57bdd65c95db2ceb263eb120696ff90172,106,
PAYPAL_2022_10K,Paypal,10k,2022,https://d18rn0p25nwr6d.cloudfront.net/CIK-0001633917/b562e712-8266-493c-8ae8-e28f93404d2f.pdf,data/raw/pdfs/PAYPAL_2022_10K.pdf,downloaded,https://d18rn0p25nwr6d.cloudfront.net/CIK-0001633917/b562e712-8266-493c-8ae8-e28f93404d2f.pdf,financebench_doc_link,200,4371232,0c1dd6cd170261c6bd778de382a211a56a3bb1e009a429246370c97fa0defab3,134,
PEPSICO_2021_10K,PepsiCo,10k,2021,https://pepsico.gcs-web.com/static-files/a5a1d988-8e28-4dc7-ac4e-e6a2abfd0310,data/raw/pdfs/PEPSICO_2021_10K.pdf,downloaded,https://raw.githubusercontent.com/patronus-ai/financebench/main/pdfs/PEPSICO_2021_10K.pdf,official_financebench_github,200,2139398,f2c7cf1969c7f6dfc8c0596824e1d6b3cc70f662ee2dd06be84bb27af5635364,549,
PEPSICO_2022_10K,PepsiCo,10k,2022,https://pepsico.gcs-web.com/static-files/d051bdd6-c6d2-4814-826f-ece589b88d4c,data/raw/pdfs/PEPSICO_2022_10K.pdf,downloaded,https://raw.githubusercontent.com/patronus-ai/financebench/main/pdfs/PEPSICO_2022_10K.pdf,official_financebench_github,200,2993516,7d8a9f3374e429c58f101319e2da8a0e601a89859e1e4f6854163dd5f8ce6b47,503,
PEPSICO_2023Q1_EARNINGS,PepsiCo,Earnings,2023,https://investors.pepsico.com/docs/default-source/investors/q1-2023/q1-2023-earnings-release_wfvmt94lzqbm92aw.pdf?sfvrsn=5db72450_4,data/raw/pdfs/PEPSICO_2023Q1_EARNINGS.pdf,downloaded,https://raw.githubusercontent.com/patronus-ai/financebench/main/pdfs/PEPSICO_2023Q1_EARNINGS.pdf,official_financebench_github,200,987394,a705483ea6c548a2f67c421bc24ced391a6beb8487600b44b54e9ae2aca1f31c,16,
PEPSICO_2023_8K_dated-2023-05-05,PepsiCo,8k,2023,https://pepsico.gcs-web.com/static-files/718629be-2463-4b54-bba3-5e0e776e7d0c,data/raw/pdfs/PEPSICO_2023_8K_dated-2023-05-05.pdf,downloaded,https://raw.githubusercontent.com/patronus-ai/financebench/main/pdfs/PEPSICO_2023_8K_dated-2023-05-05.pdf,official_financebench_github,200,102321,e8591d6f83d810a0f9edfc540a1a21aa6269a6de4c756b5eb808d5dbbea330ed,5,
PEPSICO_2023_8K_dated-2023-05-30,PepsiCo,8k,2023,https://pepsico.gcs-web.com/static-files/bcd1012b-77b8-4ac0-8b28-5e0a7c686f4e,data/raw/pdfs/PEPSICO_2023_8K_dated-2023-05-30.pdf,downloaded,https://raw.githubusercontent.com/patronus-ai/financebench/main/pdfs/PEPSICO_2023_8K_dated-2023-05-30.pdf,official_financebench_github,200,1460889,8e8f99f270b065e105636f54b2684f4c4170b3fc80845ae2f393bf66f3291d2c,172,
PFIZER_2021_10K,Pfizer,10k,2021,https://d18rn0p25nwr6d.cloudfront.net/CIK-0000078003/fa35a206-5bac-4a7a-9571-1e194b4436b5.pdf,data/raw/pdfs/PFIZER_2021_10K.pdf,downloaded,https://d18rn0p25nwr6d.cloudfront.net/CIK-0000078003/fa35a206-5bac-4a7a-9571-1e194b4436b5.pdf,financebench_doc_link,200,1171782,ff3307d5f633c5dbe59a976f5ff5e086af04ba5a5135f2b6411c89538a22a665,143,
Pfizer_2023Q2_10Q,Pfizer,10q,2023,https://d18rn0p25nwr6d.cloudfront.net/CIK-0000078003/c7518e4a-3aaf-4987-ae85-27460d0f526c.pdf,data/raw/pdfs/Pfizer_2023Q2_10Q.pdf,downloaded,https://d18rn0p25nwr6d.cloudfront.net/CIK-0000078003/c7518e4a-3aaf-4987-ae85-27460d0f526c.pdf,financebench_doc_link,200,743533,bf6c059a1dd71bd56581c94bce650bd85b56de2f4d0a25b45f05804a8bd6684d,72,
ULTABEAUTY_2023Q4_EARNINGS,Ulta Beauty,Earnings,2023,https://d1io3yog0oux5.cloudfront.net/_237c8bef5f763d3c6c3a0d12f008caba/ulta/news/2023-03-09_Ulta_Beauty_Announces_Fourth_Quarter_Fiscal_2022_164.pdf,data/raw/pdfs/ULTABEAUTY_2023Q4_EARNINGS.pdf,downloaded,https://d1io3yog0oux5.cloudfront.net/_237c8bef5f763d3c6c3a0d12f008caba/ulta/news/2023-03-09_Ulta_Beauty_Announces_Fourth_Quarter_Fiscal_2022_164.pdf,financebench_doc_link,200,104620,625b0447d11edcf52d85a54bd7adaf83eec16f14307360a0dc4ed8240ddca3e5,9,
ULTABEAUTY_2023_10K,Ulta Beauty,10k,2023,https://www.ulta.com/investor/sec-filings/annual-reports/content/0001558370-23-004581/0001558370-23-004581.pdf,data/raw/pdfs/ULTABEAUTY_2023_10K.pdf,downloaded,https://www.ulta.com/investor/sec-filings/annual-reports/content/0001558370-23-004581/0001558370-23-004581.pdf,financebench_doc_link,200,4954215,cdf2ebcfbc2eb9ecf880126d38b186cac1f683dae5bcb50cad15176bfc449ff4,105,
VERIZON_2021_10K,Verizon,10k,2021,https://www.verizon.com/about/sites/default/files/2021-Annual-Report-on-Form-10-K.pdf,data/raw/pdfs/VERIZON_2021_10K.pdf,downloaded,https://www.verizon.com/about/sites/default/files/2021-Annual-Report-on-Form-10-K.pdf,financebench_doc_link,200,2098068,f7fcb508f920e3df9a07bc858a6d9f0d3cd1e976a46efe72375c9ffb983822ac,120,
VERIZON_2022_10K,Verizon,10k,2022,https://www.verizon.com/about/sites/default/files/2022-Annual-Report-on-Form-10K.pdf,data/raw/pdfs/VERIZON_2022_10K.pdf,downloaded,https://www.verizon.com/about/sites/default/files/2022-Annual-Report-on-Form-10K.pdf,financebench_doc_link,200,2315268,403d7346e8a059472863d1789527f16e5127a61c2f6c4429012e6227f27576d7,124,
WALMART_2018_10K,Walmart,10k,2018,https://d18rn0p25nwr6d.cloudfront.net/CIK-0000104169/a25e7acb-aa07-49f3-8c0c-0c69e5a8d372.pdf,data/raw/pdfs/WALMART_2018_10K.pdf,downloaded,https://d18rn0p25nwr6d.cloudfront.net/CIK-0000104169/a25e7acb-aa07-49f3-8c0c-0c69e5a8d372.pdf,financebench_doc_link,200,1599075,661512df698c895a4a5ab3d4ab879fd8ffc8f17a9038e27bcb208401982b6c15,304,
WALMART_2019_10K,Walmart,10k,2019,https://d18rn0p25nwr6d.cloudfront.net/CIK-0000104169/b23b2787-eb44-4e0b-82bd-fca01f140a3e.pdf,data/raw/pdfs/WALMART_2019_10K.pdf,downloaded,https://d18rn0p25nwr6d.cloudfront.net/CIK-0000104169/b23b2787-eb44-4e0b-82bd-fca01f140a3e.pdf,financebench_doc_link,200,7211754,f1d1b052c2b68c5d68e3575de7069dc47914f03abb02771d2629b10bf7d9e377,155,
WALMART_2020_10K,Walmart,10k,2020,https://d18rn0p25nwr6d.cloudfront.net/CIK-0000104169/af5415d9-0e07-4ba1-a6cc-bb3058a7f4e8.pdf,data/raw/pdfs/WALMART_2020_10K.pdf,downloaded,https://d18rn0p25nwr6d.cloudfront.net/CIK-0000104169/af5415d9-0e07-4ba1-a6cc-bb3058a7f4e8.pdf,financebench_doc_link,200,1132390,0f9e2ebc9432caef54fe932ec91ccc6fea3eac89f370073462ae002eabb71a34,170,
